{
  "n_estimators": 620,
  "learning_rate": 0.005,
  "max_depth": 8,
  "min_child_weight": 3.4494032566917503,
  "subsample": 0.5413665143094081,
  "colsample_bytree": 0.7124947298045055,
  "reg_alpha": 0.0825986154397044,
  "reg_lambda": 0.1
}