{
  "sizes": {
    "train": 796,
    "test": 106,
    "val": 98
  },
  "label_stats": {
    "train": {
      "n": 796,
      "mean": 6.769269265658383,
      "std": 1.263395648976493,
      "p10": 5.086315363473087,
      "p50": 6.886056647693163,
      "p90": 8.397940008672037
    },
    "val": {
      "n": 98,
      "mean": 6.281644184575317,
      "std": 1.4088603931749522,
      "p10": 4.45527707969999,
      "p50": 6.14282204138242,
      "p90": 8.221848749616356
    },
    "test": {
      "n": 106,
      "mean": 6.899023900312837,
      "std": 1.3732414462663052,
      "p10": 5.0415520428337315,
      "p50": 7.0,
      "p90": 8.618098887962704
    }
  },
  "assay_mix_counts": {
    "IC50": {
      "test": 99,
      "train": 771,
      "val": 94
    },
    "Ki": {
      "test": 7,
      "train": 25,
      "val": 4
    }
  },
  "tanimoto_test_to_train": {
    "mean": 0.5232991925695853,
    "p50": 0.5477821265492498,
    "p90": 0.7062793427230047
  },
  "rare_bits_lt5": 885,
  "total_bits": 2048
}