{
  "train": {
    "rmse": 0.6281722618930621,
    "mae": 0.49372031829844276,
    "r2": 0.7527827580033597
  },
  "val": {
    "rmse": 1.188473394147197,
    "mae": 0.9303067798239668,
    "r2": 0.2883884189264856
  },
  "test": {
    "rmse": 1.050400572977453,
    "mae": 0.8612203282489347,
    "r2": 0.41491886543918277
  }
}