{
  "train": {
    "rmse": 0.4185477824291854,
    "mae": 0.31928746273180086,
    "r2": 0.8902482795839299
  },
  "val": {
    "rmse": 1.2481091758041374,
    "mae": 0.9441735148370788,
    "r2": 0.2151815000133871
  },
  "test": {
    "rmse": 1.0264469559008405,
    "mae": 0.8335219665260656,
    "r2": 0.4412992979542185
  }
}